title,year,cast,url
The King of Comedy,1982,"Robert De Niro, Jerry Lewis",https://www.imdb.com/title/tt0085794/?ref_=fn_ttl_ttl_1
Sex Is Comedy,2002,"Anne Parillaud, Grégoire Colin",https://www.imdb.com/title/tt0304678/?ref_=fn_ttl_ttl_2
InAPPropriate Comedy,2013,"Adrien Brody, Lindsay Lohan",https://www.imdb.com/title/tt1754811/?ref_=fn_ttl_ttl_3
King of Comedy,1999,"Stephen Chow, Karen Mok",https://www.imdb.com/title/tt0188766/?ref_=fn_ttl_ttl_4
The Comedy of Terrors,1963,"Vincent Price, Peter Lorre",https://www.imdb.com/title/tt0056943/?ref_=fn_ttl_ttl_5
The Comedy,2012,"Tim Heidecker, Eric Wareheim",https://www.imdb.com/title/tt2112293/?ref_=fn_ttl_ttl_6
The Broken Hearts Club: A Romantic Comedy,2000,"Timothy Olyphant, Dean Cain",https://www.imdb.com/title/tt0222850/?ref_=fn_ttl_ttl_7
A Midsummer Night's Sex Comedy,1982,"Woody Allen, Mia Farrow",https://www.imdb.com/title/tt0084329/?ref_=fn_ttl_ttl_8
The Original Kings of Comedy,2000,"Steve Harvey, D.L. Hughley",https://www.imdb.com/title/tt0236388/?ref_=fn_ttl_ttl_9
The Underground Comedy Movie,1999,"Barbara Snellenburg, Rebekah Chaney",https://www.imdb.com/title/tt0201290/?ref_=fn_ttl_ttl_10
The Human Comedy,1943,"Mickey Rooney, Frank Morgan",https://www.imdb.com/title/tt0036022/?ref_=fn_ttl_ttl_11
Untitled Musical Comedy Jesse Eisenberg,"Julianne Moore, Paul Giamatti",N/A,https://www.imdb.com/title/tt34718200/?ref_=fn_ttl_ttl_12
Untitled FBI Wedding Sting Comedy,"Anne Hathaway, Dave Bautista",N/A,https://www.imdb.com/title/tt35002915/?ref_=fn_ttl_ttl_13
A Stasi Comedy,2022,"David Kross, Jörg Schüttauf",https://www.imdb.com/title/tt11891698/?ref_=fn_ttl_ttl_14
Blue Collar Comedy Tour: The Movie,2003,"Jeff Foxworthy, Bill Engvall",https://www.imdb.com/title/tt0330069/?ref_=fn_ttl_ttl_15
For Love or Money,2019,"Robert Kazinsky, Samantha Barks",https://www.imdb.com/title/tt7051624/?ref_=fn_ttl_ttl_16
No Time for Comedy,1940,"Rosalind Russell, James Stewart",https://www.imdb.com/title/tt0032846/?ref_=fn_ttl_ttl_17
The Dramatics: A Comedy,2015,"Kat Foster, Scott Rodgers",https://www.imdb.com/title/tt2633666/?ref_=fn_ttl_ttl_18
Comedy of Power,2006,"Isabelle Huppert, François Berléand",https://www.imdb.com/title/tt0463486/?ref_=fn_ttl_ttl_19
Comedy Queen,2022,"Sigrid Johnson, Oscar Töringe",https://www.imdb.com/title/tt15255958/?ref_=fn_ttl_ttl_20
Rio Sex Comedy,2010,"Charlotte Rampling, Bill Pullman",https://www.imdb.com/title/tt1429432/?ref_=fn_ttl_ttl_21
Outstanding: A Comedy Revolution,2024,"Judy Gold, Guy Branum",https://www.imdb.com/title/tt20918352/?ref_=fn_ttl_ttl_22
Romantic Comedy,1983,"Dudley Moore, Mary Steenburgen",https://www.imdb.com/title/tt0086205/?ref_=fn_ttl_ttl_23
Fear City: A Family-Style Comedy,1994,"Chantal Lauby, Alain Chabat",https://www.imdb.com/title/tt0109440/?ref_=fn_ttl_ttl_24
God's Comedy,1995,"Cláudia Teixeira, João César Monteiro",https://www.imdb.com/title/tt0112710/?ref_=fn_ttl_ttl_25
Idiocracy,2006,"Luke Wilson, Maya Rudolph",https://www.imdb.com/title/tt0387808/?ref_=fn_ttl_ttl_26
Comedy Couple,2020,"Saqib Saleem, Shweta Basu Prasad",https://www.imdb.com/title/tt12758600/?ref_=fn_ttl_ttl_27
The New King of Comedy,2019,"Jingwen E., Baoqiang Wang",https://www.imdb.com/title/tt9368628/?ref_=fn_ttl_ttl_28
The Divine Comedy,1991,"Maria de Medeiros, Miguel Guilherme",https://www.imdb.com/title/tt0101739/?ref_=fn_ttl_ttl_29
Untitled Sandra Bullock Comedy,N/A,N/A,https://www.imdb.com/title/tt14992790/?ref_=fn_ttl_ttl_30
Comedy of Innocence,2000,"Isabelle Huppert, Jeanne Balibar",https://www.imdb.com/title/tt0254325/?ref_=fn_ttl_ttl_31
The Comedy Man,1964,"Kenneth More, Cecil Parker",https://www.imdb.com/title/tt0056942/?ref_=fn_ttl_ttl_32
One of Them Days,2025,"Keke Palmer, SZA",https://www.imdb.com/title/tt32221196/?ref_=fn_ttl_ttl_33
This Is Not a Comedy,2021,"Gabriel Nuncio, Cassandra Ciangherotti",https://www.imdb.com/title/tt11363540/?ref_=fn_ttl_ttl_34
A Midsummer Comedy,2009,"Olle Sarri, Annica McCrudden",https://www.imdb.com/title/tt1293829/?ref_=fn_ttl_ttl_35
Romantic Comedy,N/A,N/A,https://www.imdb.com/title/tt31314504/?ref_=fn_ttl_ttl_36
People of Comedy,2025,"Keesha Brownie, Zabrina Douglas",https://www.imdb.com/title/tt36460862/?ref_=fn_ttl_ttl_37
Hollywont,2013,"Michael Barbuto, Erik Beck",https://www.imdb.com/title/tt3092016/?ref_=fn_ttl_ttl_38
Romantic Comedy,2019,"Jessica Barden, Cameron Cook",https://www.imdb.com/title/tt9583526/?ref_=fn_ttl_ttl_39
Bloodsuckers - A Marxist Vampire Comedy,2021,"Aleksandre Koberidze, Lilith Stangenberg",https://www.imdb.com/title/tt11261296/?ref_=fn_ttl_ttl_40
The Human Comedy,2017,"Mahvash Afsharpanah, Abbas Ahmadi Motlagh",https://www.imdb.com/title/tt6224580/?ref_=fn_ttl_ttl_41
Romantik Komedi 2: Bekarliga Veda,2013,"Sinem Kobal, Engin Altan Düzyatan",https://www.imdb.com/title/tt2645104/?ref_=fn_ttl_ttl_42
Talladega Nights: The Ballad of Ricky Bobby,2006,"Will Ferrell, John C. Reilly",https://www.imdb.com/title/tt0415306/?ref_=fn_ttl_ttl_43
Looking for Comedy in the Muslim World,2005,"Albert Brooks, Sheetal Sheth",https://www.imdb.com/title/tt0433116/?ref_=fn_ttl_ttl_44
Comedy Hell,2006,"Owen H.M. Smith, Victoria Pratt",https://www.imdb.com/title/tt0417547/?ref_=fn_ttl_ttl_45
Almost a Comedy,2019,"Suxi Ren, Yuhan Wu",https://www.imdb.com/title/tt11273332/?ref_=fn_ttl_ttl_46
Untitled Body Swap Comedy/Max Barbakow Project,N/A,N/A,https://www.imdb.com/title/tt26491533/?ref_=fn_ttl_ttl_47
Untitled Dwayne Johnson Action Comedy,N/A,N/A,https://www.imdb.com/title/tt5260532/?ref_=fn_ttl_ttl_48
American Pie,1999,"Jason Biggs, Chris Klein",https://www.imdb.com/title/tt0163651/?ref_=fn_ttl_ttl_49
Untitled Wedding Comedy Project,N/A,N/A,https://www.imdb.com/title/tt21066260/?ref_=fn_ttl_ttl_50
The Kids in the Hall: Comedy Punks,2022,"Fred Armisen, Lauren Ash",https://www.imdb.com/title/tt17662096/?ref_=fn_ttl_ttl_51
The Comedians of Comedy,2005,"Patton Oswalt, Brian Posehn",https://www.imdb.com/title/tt0451021/?ref_=fn_ttl_ttl_52
"A Comedy of Horrors, Volume 1",2021,"Matt Servitto, Henry Zebrowski",https://www.imdb.com/title/tt10926156/?ref_=fn_ttl_ttl_53
A Family Affair,2024,"Nicole Kidman, Zac Efron",https://www.imdb.com/title/tt21051906/?ref_=fn_ttl_ttl_54
Misery Loves Comedy,2015,"Amy Schumer, James L. Brooks",https://www.imdb.com/title/tt3132632/?ref_=fn_ttl_ttl_55
Taste It: A Comedy About the Recession,2012,"John McGlothlin, Francesca Frigo",https://www.imdb.com/title/tt2241597/?ref_=fn_ttl_ttl_56
Brutal Massacre: A Comedy,2007,"David Naughton, Brian O'Halloran",https://www.imdb.com/title/tt0995060/?ref_=fn_ttl_ttl_57
A Brush with Comedy,2023,"Miriam Elia, Bec Hill",https://www.imdb.com/title/tt26384837/?ref_=fn_ttl_ttl_58
Commedia sexy,2001,"Alessandro Benvenuti, Elena Sofia Ricci",https://www.imdb.com/title/tt0264491/?ref_=fn_ttl_ttl_59
Mr. Saturday Night: A New Musical Comedy,2022,"Shoshana Bean, Billy Crystal",https://www.imdb.com/title/tt23903368/?ref_=fn_ttl_ttl_60
50/50,2011,"Joseph Gordon-Levitt, Seth Rogen",https://www.imdb.com/title/tt1306980/?ref_=fn_ttl_ttl_61
Comedy Express,2010,"Brahmanandam, Kaushal Manda",https://www.imdb.com/title/tt1582486/?ref_=fn_ttl_ttl_62
The Divine Comedy,2017,"Murilo Rosa, Monica Iozzi",https://www.imdb.com/title/tt5207840/?ref_=fn_ttl_ttl_63
Untitled Royal Wedding Comedy,N/A,N/A,https://www.imdb.com/title/tt1913192/?ref_=fn_ttl_ttl_64
The Golden Age of Comedy,1957,"Stan Laurel, Oliver Hardy",https://www.imdb.com/title/tt0129119/?ref_=fn_ttl_ttl_65
The Red Chapel,2009,"Mads Brügger, Simon Jul Jørgensen",https://www.imdb.com/title/tt1546653/?ref_=fn_ttl_ttl_66
A Comedy in Six Unnatural Acts,1979,N/A,https://www.imdb.com/title/tt0072807/?ref_=fn_ttl_ttl_67
Moscow Laughs,1934,"Leonid Utyosov, Lyubov Orlova",https://www.imdb.com/title/tt0025946/?ref_=fn_ttl_ttl_68
The Big Parade of Comedy,1964,"Clark Gable, Greta Garbo",https://www.imdb.com/title/tt0058310/?ref_=fn_ttl_ttl_69
A Comedy of Errors,"Siobhan Fallon Hogan, Andy Dick",N/A,https://www.imdb.com/title/tt36047903/?ref_=fn_ttl_ttl_70
Untitled Vince Vaughn/Family Comedy Project,N/A,N/A,https://www.imdb.com/title/tt2834772/?ref_=fn_ttl_ttl_71
The Original Latin Kings of Comedy,2002,"Nayib Estefan, George Lopez",https://www.imdb.com/title/tt0332720/?ref_=fn_ttl_ttl_72
La comédie du travail,1988,"Roland Blanche, Sabine Haudepin",https://www.imdb.com/title/tt0092773/?ref_=fn_ttl_ttl_73
Farrah Abraham: Diary of A Teen Mom Stand Up Comedy Debut,2025,"Farrah Laurel Abraham, Tracey Carnazzo",https://www.imdb.com/title/tt36293862/?ref_=fn_ttl_ttl_74
"Suicide, the Comedy",1998,"Jamie Harris, Alison Eastwood",https://www.imdb.com/title/tt0129407/?ref_=fn_ttl_ttl_75
Hari Puttar: A Comedy of Terrors,2008,"Jackie Shroff, Sarika Thakur",https://www.imdb.com/title/tt1255873/?ref_=fn_ttl_ttl_76
Nero,1992,"Sergio Castellitto, Chiara Caselli",https://www.imdb.com/title/tt0104983/?ref_=fn_ttl_ttl_77
When Comedy Was King,1960,"Charles Chaplin, Buster Keaton",https://www.imdb.com/title/tt0054468/?ref_=fn_ttl_ttl_78
Comedy of Divorcing,1992,"Liang Lü, Hui Wang",https://www.imdb.com/title/tt0342691/?ref_=fn_ttl_ttl_79
A Comedy of Tears,2016,"Katerina Antler, Ivo Barisic",https://www.imdb.com/title/tt6157724/?ref_=fn_ttl_ttl_80
Untitled Holiday Comedy Project,N/A,N/A,https://www.imdb.com/title/tt7889030/?ref_=fn_ttl_ttl_81
Comedy Club,2000,"Damonde Tschritter, Dave Nystrom",https://www.imdb.com/title/tt4730688/?ref_=fn_ttl_ttl_82
The Human Comedy,2019,"Lun Ai, Zhi Wang",https://www.imdb.com/title/tt9887130/?ref_=fn_ttl_ttl_83
Untitled Horror Comedy,2009,"Robert Z'Dar, Joe Estevez",https://www.imdb.com/title/tt1454705/?ref_=fn_ttl_ttl_84
Paul Blart: Mall Cop,2009,"Kevin James, Keir O'Donnell",https://www.imdb.com/title/tt1114740/?ref_=fn_ttl_ttl_85
Comedy House,2013,Vanessa Lua,https://www.imdb.com/title/tt2279078/?ref_=fn_ttl_ttl_86
American Comedy,2023,"Pete Allman, Eric Roberts",https://www.imdb.com/title/tt13185342/?ref_=fn_ttl_ttl_87
The Next Big One: A Comedy with Three Potential Problems,"Molly Bernard, David H. Holmes",N/A,https://www.imdb.com/title/tt28437109/?ref_=fn_ttl_ttl_88
Cheat-hos: A Political Comedy,2015,"Kimberly Bada, Mike Barkovich",https://www.imdb.com/title/tt4861408/?ref_=fn_ttl_ttl_89
Hardcore Comedy,2013,"Dada Chan, William Chan",https://www.imdb.com/title/tt3396820/?ref_=fn_ttl_ttl_90
A Romantic Comedy Featuring Lara and Tobi,2022,"Dolapo Oni, Taye Arimoro",https://www.imdb.com/title/tt23462558/?ref_=fn_ttl_ttl_91
Rez Comedy,2024,"Janelle Niles, Brenda Prince",https://www.imdb.com/title/tt32434674/?ref_=fn_ttl_ttl_92
The Sketch Comedy Movie,2021,"Angie Bojorges, Chloe Gay Brewer",https://www.imdb.com/title/tt13304532/?ref_=fn_ttl_ttl_93
Snatched,2017,"Amy Schumer, Goldie Hawn",https://www.imdb.com/title/tt2334871/?ref_=fn_ttl_ttl_94
Alvin Williams: T.O.B.S. Comedy Special,2022,Alvin Williams,https://www.imdb.com/title/tt21652230/?ref_=fn_ttl_ttl_95
Reggie: A Millenial Depression Comedy,2021,"Jacques Belliveau, Gary Busey",https://www.imdb.com/title/tt10378240/?ref_=fn_ttl_ttl_96
World of Comedy,1962,"Harold Lloyd, Willie Best",https://www.imdb.com/title/tt0194553/?ref_=fn_ttl_ttl_97
City Lights,1931,"Charles Chaplin, Virginia Cherrill",https://www.imdb.com/title/tt0021749/?ref_=fn_ttl_ttl_98
An American Pickle,2020,"Seth Rogen, Sarah Snook",https://www.imdb.com/title/tt9059704/?ref_=fn_ttl_ttl_99
Untitled Netflix Family Comedy 2021,N/A,N/A,https://www.imdb.com/title/tt13266974/?ref_=fn_ttl_ttl_100
Rumor Has It...,2005,"Jennifer Aniston, Mark Ruffalo",https://www.imdb.com/title/tt0398375/?ref_=fn_ttl_ttl_101
Untitled Onlyfans Comedy,2023,"Matty Chymbor, Stevie Emerson",https://www.imdb.com/title/tt27571107/?ref_=fn_ttl_ttl_102
My Crazy Family A Twisted Comedy,2024,"Omar Tyree, Kayla J. Carter",https://www.imdb.com/title/tt35769448/?ref_=fn_ttl_ttl_103
New Wave Comedy,1986,"Marc Weiner, Eric Bogosian",https://www.imdb.com/title/tt0091622/?ref_=fn_ttl_ttl_104
Kicking & Screaming,2005,"Will Ferrell, Robert Duvall",https://www.imdb.com/title/tt0384642/?ref_=fn_ttl_ttl_105
RAW Comedy Club 20 år,2023,"Kodjo Akolor, Mårten Andersson",https://www.imdb.com/title/tt27562492/?ref_=fn_ttl_ttl_106
Upstage,1926,"Norma Shearer, Oscar Shaw",https://www.imdb.com/title/tt0017508/?ref_=fn_ttl_ttl_107
My First Comedy Special,2018,"Grey DeLisle, Lisa DeLarios",https://www.imdb.com/title/tt9425618/?ref_=fn_ttl_ttl_108
Unmarried Couples: A Comedy That Will Break You Up,1997,"Lena Endre, Suzanne Reuter",https://www.imdb.com/title/tt0119820/?ref_=fn_ttl_ttl_109
DeMarcus Cousins Presents Boogie's Comedy Slam,2020,"DeMarcus Cousins, Mike Epps",https://www.imdb.com/title/tt12269174/?ref_=fn_ttl_ttl_110
Comedy Jump Off: The Latino Explosion,2008,"Arnold Acevedo, Mike Yard",https://www.imdb.com/title/tt1294153/?ref_=fn_ttl_ttl_111
Untitled Southern Action Comedy,N/A,N/A,https://www.imdb.com/title/tt2391091/?ref_=fn_ttl_ttl_112
Shakespeare's Globe Theatre: The Comedy of Errors,2015,"Simon Harrison, Matthew Needham",https://www.imdb.com/title/tt5104798/?ref_=fn_ttl_ttl_113
Monsieur Verdoux,1947,"Charles Chaplin, Mady Correll",https://www.imdb.com/title/tt0039631/?ref_=fn_ttl_ttl_114
Untitled Kevin Hart/Romantic Comedy Project,N/A,N/A,https://www.imdb.com/title/tt9702526/?ref_=fn_ttl_ttl_115
Eddie Pence's (Un)Special Comedy Special,2020,"Dustin Jacobs, Eddie Pence",https://www.imdb.com/title/tt11045806/?ref_=fn_ttl_ttl_116
Taxi Cab Comedy with Jimmy Failla,2024,"Courtney Autera, Jimmy Failla",https://www.imdb.com/title/tt32399981/?ref_=fn_ttl_ttl_117
How Do You Know,2010,"Reese Witherspoon, Paul Rudd",https://www.imdb.com/title/tt1341188/?ref_=fn_ttl_ttl_118
Just Another Romantic Wrestling Comedy,2006,"Selassie Amana, Nicole Brier",https://www.imdb.com/title/tt0427415/?ref_=fn_ttl_ttl_119
The Comedy Club,2021,"Dana Carvey, Bob Saget",https://www.imdb.com/title/tt1350629/?ref_=fn_ttl_ttl_120
Dante's Divine Comedy,2024,"Bruno Bonhoure, Camille Cobbi",https://www.imdb.com/title/tt10465668/?ref_=fn_ttl_ttl_121
Love at First Sight,N/A,N/A,https://www.imdb.com/title/tt8441354/?ref_=fn_ttl_ttl_122
The Onion Movie,2008,"Len Cariou, Sarah McElligott",https://www.imdb.com/title/tt0392878/?ref_=fn_ttl_ttl_123
Wild West Comedy Show: 30 Days & 30 Nights - Hollywood to the Heartland,2006,"Ahmed Ahmed, John Caparulo",https://www.imdb.com/title/tt0844768/?ref_=fn_ttl_ttl_124
The Comedy Jesus Show,2009,Troy Conrad,https://www.imdb.com/title/tt6785970/?ref_=fn_ttl_ttl_125
Comedy Makes You Cry,2010,"Chen Chao-jung, Bai Ling",https://www.imdb.com/title/tt1669678/?ref_=fn_ttl_ttl_126
Untitled Zoë Bell Action Comedy,N/A,N/A,https://www.imdb.com/title/tt19636690/?ref_=fn_ttl_ttl_127
Vinnie Plays Vegas: The Con Man of Comedy,"Bobby Slayton, Bill Krackomberger",N/A,https://www.imdb.com/title/tt16311892/?ref_=fn_ttl_ttl_128
Scary Movie: A Gacha Horror Comedy Parody,"Mina Aishi, Joseph Murrieta",N/A,https://www.imdb.com/title/tt32277138/?ref_=fn_ttl_ttl_129
You People,2023,"Jonah Hill, Lauren London",https://www.imdb.com/title/tt14826022/?ref_=fn_ttl_ttl_130
Musical Comedy Whore!,2020,David Pevsner,https://www.imdb.com/title/tt12574554/?ref_=fn_ttl_ttl_131
Comedy Warriors: Healing Through Humor,2013,"Robert Henline, Rob Jones",https://www.imdb.com/title/tt2419530/?ref_=fn_ttl_ttl_132
Comedy Skit 1989,2015,N/A,https://www.imdb.com/title/tt29348782/?ref_=fn_ttl_ttl_133
The Comedy Team of Pete & James,2001,"Jason Huber, James Arnold Taylor",https://www.imdb.com/title/tt0298809/?ref_=fn_ttl_ttl_134
Fixed: A Football Comedy,2020,"Adam Fields, Wilson Raj Perumal",https://www.imdb.com/title/tt13289552/?ref_=fn_ttl_ttl_135
Annie Jenkins: A Not Very Romantic Comedy,N/A,N/A,https://www.imdb.com/title/tt1814634/?ref_=fn_ttl_ttl_136
Comedy of War: Laughter in Ukraine,2023,"Vasyl Baydak, Sasha Kachura",https://www.imdb.com/title/tt26591084/?ref_=fn_ttl_ttl_137
Flypaper,2011,"Patrick Dempsey, Ashley Judd",https://www.imdb.com/title/tt1541160/?ref_=fn_ttl_ttl_138
Phunny Business: A Black Comedy,2011,"Lori Alexander, Doug Banks",https://www.imdb.com/title/tt1817733/?ref_=fn_ttl_ttl_139
Hot Pursuit,2015,"Reese Witherspoon, Sofía Vergara",https://www.imdb.com/title/tt2967224/?ref_=fn_ttl_ttl_140
Macbeth: The Comedy,2001,"Erika Burke Rossa, Juliet Furness",https://www.imdb.com/title/tt0293859/?ref_=fn_ttl_ttl_141
Once Upon a Time in Venice,2017,"Bruce Willis, John Goodman",https://www.imdb.com/title/tt4694544/?ref_=fn_ttl_ttl_142
A Restoration Comedy,N/A,N/A,https://www.imdb.com/title/tt4736916/?ref_=fn_ttl_ttl_143
National Theatre Live: The Comedy of Errors,2012,"Marcus Adolphy, Tom Anderson",https://www.imdb.com/title/tt2081882/?ref_=fn_ttl_ttl_144
Ealing Comedy,2008,"Kulvinder Ghir, Paul Raschid",https://www.imdb.com/title/tt1183482/?ref_=fn_ttl_ttl_145
Untitled Female-Led Action Comedy,N/A,N/A,https://www.imdb.com/title/tt36825559/?ref_=fn_ttl_ttl_146
When Comedy Went to School,2013,"Robert Klein, Jerry Lewis",https://www.imdb.com/title/tt2167056/?ref_=fn_ttl_ttl_147
The Comedy Garage,2011,"Matt Champagne, Paul Danke",https://www.imdb.com/title/tt1858558/?ref_=fn_ttl_ttl_148
The Texas Comedy Massacre,1987,"David Boone, Lauren Crane",https://www.imdb.com/title/tt0123296/?ref_=fn_ttl_ttl_149
Killers,2010,"Katherine Heigl, Ashton Kutcher",https://www.imdb.com/title/tt1103153/?ref_=fn_ttl_ttl_150
The Texas Comedy Massacre,1987,"David Boone, Lauren Crane",https://www.imdb.com/title/tt0123296/?ref_=fn_ttl_ttl_151
Untitled Threesome Comedy,N/A,N/A,https://www.imdb.com/title/tt2443876/?ref_=fn_ttl_ttl_152
Dennis Velasco's Dark Comedy,Dennis Velasco,N/A,https://www.imdb.com/title/tt6065474/?ref_=fn_ttl_ttl_153
Comedy Trainwreck,"Steph Tolev, Sam Brittan",N/A,https://www.imdb.com/title/tt15262682/?ref_=fn_ttl_ttl_154
Sizzle: A Global Warming Comedy,2008,"Katarzyna Balug, Julia Bovey",https://www.imdb.com/title/tt1270787/?ref_=fn_ttl_ttl_155
La comédie du bonheur,1940,"Michel Simon, Ramon Novarro",https://www.imdb.com/title/tt0032350/?ref_=fn_ttl_ttl_156
2020: A Comedy Special,2021,"Mark Normand, Yannis Pappas",https://www.imdb.com/title/tt15325660/?ref_=fn_ttl_ttl_157
A Superhero Comedy,2014,"Ben Denton, A.J. Marshall",https://www.imdb.com/title/tt3867090/?ref_=fn_ttl_ttl_158
Untitled FBI Wedding Comedy,N/A,N/A,https://www.imdb.com/title/tt1981129/?ref_=fn_ttl_ttl_159
T.K. Kirkland: Who Raised You? Comedy Special,2019,"T.K. Kirkland, Bryan Birdman Williams",https://www.imdb.com/title/tt13195008/?ref_=fn_ttl_ttl_160
Comedy's Dirtiest Dozen,1988,"Tim Allen, John Fox",https://www.imdb.com/title/tt0188516/?ref_=fn_ttl_ttl_161
Untitled Ambien / IVF Comedy-Drama,N/A,N/A,https://www.imdb.com/title/tt35790074/?ref_=fn_ttl_ttl_162
Uptown Comedy Club: The Birth of Hip Hop Comedy,"Eleven, Kym Whitley",N/A,https://www.imdb.com/title/tt2991414/?ref_=fn_ttl_ttl_163
Untitled Randal Atamaniuk 1980's Horror Comedy Project,N/A,N/A,https://www.imdb.com/title/tt3176752/?ref_=fn_ttl_ttl_164
Wannabe A Star Comedy,2024,"LaFayette Bell Sr., Liz Chiodo",https://www.imdb.com/title/tt27775428/?ref_=fn_ttl_ttl_165
Human Comedy in Tokyo,2008,"Kentarô Abe, Makoto Adachi",https://www.imdb.com/title/tt1490005/?ref_=fn_ttl_ttl_166
Comedy House of Tragedy,"Barry Livingston, Shelby Janes",N/A,https://www.imdb.com/title/tt15250014/?ref_=fn_ttl_ttl_167
John Bunny Film's First King of Comedy,2016,"Mark Sawyer-Dailey, Mark 'Big Poppa' Stampley",https://www.imdb.com/title/tt7237926/?ref_=fn_ttl_ttl_168
Untitled Sarah Drew and Matty Finochio Comedy,N/A,N/A,https://www.imdb.com/title/tt32481880/?ref_=fn_ttl_ttl_169
Royal Shakespeare Company: The Comedy of Errors,2021,"Toyin Ayedun-Alase, Jonnie Broadbent",https://www.imdb.com/title/tt26684732/?ref_=fn_ttl_ttl_170
Untitled Melissa Stack Comedy Project,N/A,N/A,https://www.imdb.com/title/tt6802570/?ref_=fn_ttl_ttl_171
"So Fresh, So Clean... a Down and Dirty Comedy",2005,"Moss Benson, Billy Corado",https://www.imdb.com/title/tt0462031/?ref_=fn_ttl_ttl_172
Untitled Terry Zwigoff Comedy,N/A,N/A,https://www.imdb.com/title/tt2990138/?ref_=fn_ttl_ttl_173
The Mecca of Comedy,2023,"Tommy Davidson, Donnell Rawlings",https://www.imdb.com/title/tt26207344/?ref_=fn_ttl_ttl_174
25 Years of Improv Comedy,2005,"Dan Bakkedahl, Ike Barinholtz",https://www.imdb.com/title/tt2259406/?ref_=fn_ttl_ttl_175
Megalo (Or Tragic Comedy Acts of a Gen Z Megalomanaic),2024,"Shahn Christian Andersen, Anthony Armao",https://www.imdb.com/title/tt31456622/?ref_=fn_ttl_ttl_176
"Lili, a Romantic French Comedy",2016,"Geoffrey Bidaut, Aurore Jacobs",https://www.imdb.com/title/tt7291264/?ref_=fn_ttl_ttl_177
Franklin's Comedy Book,2013,"Josh Gibson, Franklin Marshall",https://www.imdb.com/title/tt3278132/?ref_=fn_ttl_ttl_178
Untitled HBCU Horror Comedy,N/A,N/A,https://www.imdb.com/title/tt16732194/?ref_=fn_ttl_ttl_179
Jesterpus: A Musical Comedy of Horrors,2024,"Dan Bringhurst, Jordan Bringhurst",https://www.imdb.com/title/tt21436856/?ref_=fn_ttl_ttl_180
A Comedy with Teeth,2012,"Milton Lebron Jr., David Nellessen",https://www.imdb.com/title/tt4177982/?ref_=fn_ttl_ttl_181
Untitled Comedy (What Now?),"Sharzad Kiadeh, Daina Trout",N/A,https://www.imdb.com/title/tt36861292/?ref_=fn_ttl_ttl_182
Trevor Noah: The Nationwild Comedy Tour,2015,"Trevor Noah, Dusty Rich",https://www.imdb.com/title/tt4563970/?ref_=fn_ttl_ttl_183
A Sweater Girl Comedy Cold Read,2019,Leialoha Smith,https://www.imdb.com/title/tt13683344/?ref_=fn_ttl_ttl_184
The Business of Comedy,2013,"Richard Zoglin, Tom Dreesen",https://www.imdb.com/title/tt3362172/?ref_=fn_ttl_ttl_185
Untitled Christmas Comedy,N/A,N/A,https://www.imdb.com/title/tt28102881/?ref_=fn_ttl_ttl_186
Absolutely American: A Comedy Heated Rally with Action,2009,"Peter Chen, Tony Mouleart",https://www.imdb.com/title/tt1395253/?ref_=fn_ttl_ttl_187
Untitled Best Friend Comedy Project,N/A,N/A,https://www.imdb.com/title/tt5602032/?ref_=fn_ttl_ttl_188
Untitled Roy Wood Comedy Project,N/A,N/A,https://www.imdb.com/title/tt14348328/?ref_=fn_ttl_ttl_189
The Irish Comedy Tour,2019,"Derrick Keane, Damon Leibert",https://www.imdb.com/title/tt9849176/?ref_=fn_ttl_ttl_190
Knockout Kings of Comedy,2023,"David Butler, Reginald Carroll",https://www.imdb.com/title/tt30310060/?ref_=fn_ttl_ttl_191
Hollywood Pop Up Comedy Club,2018,"Chinedu Unaka, Byron Bowers",https://www.imdb.com/title/tt8668872/?ref_=fn_ttl_ttl_192
The Kings of Comedy USA,2006,"Tim Allen, Drew Carey",https://www.imdb.com/title/tt12432772/?ref_=fn_ttl_ttl_193
It Was Ok: An album of comedy by David Heti,2015,David Heti,https://www.imdb.com/title/tt7165192/?ref_=fn_ttl_ttl_194
Hail Sid Caesar! The Golden Age of Comedy,2001,"Woody Allen, Mel Brooks",https://www.imdb.com/title/tt0282541/?ref_=fn_ttl_ttl_195
The Greek Gods of Comedy,2008,"Basile, Ellen Karis",https://www.imdb.com/title/tt12780290/?ref_=fn_ttl_ttl_196
Comedy Workshop: Love and Maud Carver,1964,"Patsy Rowlands, Norman Chappell",https://www.imdb.com/title/tt0918506/?ref_=fn_ttl_ttl_197
Untitled Romance Comedy,N/A,N/A,https://www.imdb.com/title/tt21911320/?ref_=fn_ttl_ttl_198
The Alaska Thunderfuck Extra Special Comedy Special,2021,"Jackie Beat, Margaret Cho",https://www.imdb.com/title/tt14463660/?ref_=fn_ttl_ttl_199
Palestinian Comedy Club,N/A,N/A,https://www.imdb.com/title/tt35665999/?ref_=fn_ttl_ttl_200
The 2017 CBS Diversity Sketch Comedy Showcase,2017,"Aleksei Archer, Nadia Benavides",https://www.imdb.com/title/tt6614558/?ref_=fn_ttl_ttl_201
The Comedy of Errors,2000,"Joseph R. Sicari, David Birney",https://www.imdb.com/title/tt0245841/?ref_=fn_ttl_ttl_202
SXSW Comedy with Natasha Leggero,2016,"Natasha Leggero, James Adomian",https://www.imdb.com/title/tt5892524/?ref_=fn_ttl_ttl_203
Husbands,1970,"Ben Gazzara, Peter Falk",https://www.imdb.com/title/tt0065867/?ref_=fn_ttl_ttl_204
Stranded with Comedy,N/A,N/A,https://www.imdb.com/title/tt13739490/?ref_=fn_ttl_ttl_205
Latin Divas of Comedy,2007,"Sara Contreras, Marilyn Martinez",https://www.imdb.com/title/tt0421135/?ref_=fn_ttl_ttl_206
Adventures in Comedy,2015,"Godfrey -, Ted Alexandro",https://www.imdb.com/title/tt4056314/?ref_=fn_ttl_ttl_207
The Clean Guys of Comedy,2013,"Jamie Kennedy, Dave Coulier",https://www.imdb.com/title/tt3089272/?ref_=fn_ttl_ttl_208
Rockin the Planet Live Comedy Showcase,2025,"Aureli Izzie Amador, Blicc",https://www.imdb.com/title/tt36259801/?ref_=fn_ttl_ttl_209
The Comedy Monster,2014,Don Tjernagel,https://www.imdb.com/title/tt6859850/?ref_=fn_ttl_ttl_210
Comedy Koduran,2020,Sanjay,https://www.imdb.com/title/tt11924758/?ref_=fn_ttl_ttl_211
The All-American Comedy Trek,2021,"Dan Knabb, Matthew Ryan Lewis",https://www.imdb.com/title/tt3276598/?ref_=fn_ttl_ttl_212
The Very Funny Church Comedy Show presents: Together We Laugh,2015,"Sherri Lynn, Crystal Manker",https://www.imdb.com/title/tt13344452/?ref_=fn_ttl_ttl_213
Comedy: Courage First,1970,"Ichirô Zaitsu, Mariko Okada",https://www.imdb.com/title/tt10050720/?ref_=fn_ttl_ttl_214
Mark Six Comedy,2004,"Emotion Cheung, Maria Chen",https://www.imdb.com/title/tt1244590/?ref_=fn_ttl_ttl_215
Chaplin's Art of Comedy,1966,"Charles Chaplin, Ben Turpin",https://www.imdb.com/title/tt0393146/?ref_=fn_ttl_ttl_216
Komedija na tri sprata,2022,"Slobodan 'Boda' Ninkovic, Jelisaveta 'Seka' Sablic",https://www.imdb.com/title/tt20560360/?ref_=fn_ttl_ttl_217
Lil Rel: Undisputed Comedy,2008,N/A,https://www.imdb.com/title/tt16116724/?ref_=fn_ttl_ttl_218
Comédie d'amour,1989,"Michel Serrault, Annie Girardot",https://www.imdb.com/title/tt0097101/?ref_=fn_ttl_ttl_219
Cholo Comedy Slam: Stand Up and Lean Back,2010,"Aurelio Bocanegra, Mr. Capone-E",https://www.imdb.com/title/tt1645043/?ref_=fn_ttl_ttl_220
Hamptons Comedy Allstars,2016,"Matt McCusker, Butch Bradley",https://www.imdb.com/title/tt4633070/?ref_=fn_ttl_ttl_221
Comedy Meets Classic,2017,"Rebecca Barrington, Colin Brown",https://www.imdb.com/title/tt26669338/?ref_=fn_ttl_ttl_222
Comedy Act Theater,"Pierre Edwards, Ted Carpenter",N/A,https://www.imdb.com/title/tt5655948/?ref_=fn_ttl_ttl_223
Wall of Flesh: A Vintage Comedy,2019,"Michael Vaccaro, Allison Bills",https://www.imdb.com/title/tt5003178/?ref_=fn_ttl_ttl_224
Tokyo Comedy Store,2008,"Nick Abrams, Yukinko Akira",https://www.imdb.com/title/tt1283964/?ref_=fn_ttl_ttl_225
Speedy & Friends Comedy Show,2023,"Speedy Caldwell, DeRay Davis",https://www.imdb.com/title/tt29169089/?ref_=fn_ttl_ttl_226
G.O.A.L.S. The Comedy Special,2021,"Savannah Fort, Sebastian C-Bazz Fort",https://www.imdb.com/title/tt14843182/?ref_=fn_ttl_ttl_227
Untitled Nisha Ganatra Matchmaking Comedy Project,N/A,N/A,https://www.imdb.com/title/tt13031482/?ref_=fn_ttl_ttl_228
This Is Comedy,2014,"Judd Apatow, Lena Dunham",https://www.imdb.com/title/tt3919248/?ref_=fn_ttl_ttl_229
Hair Is Falling: A Serious Comedy Film,2011,"Rajesh Bhardwaj, Sanjana Tiwari",https://www.imdb.com/title/tt2033264/?ref_=fn_ttl_ttl_230
Comedy House Party,2022,"Nick Deez, Lamont Ferguson",https://www.imdb.com/title/tt18114906/?ref_=fn_ttl_ttl_231
Pixel: A Romantic Comedy,N/A,N/A,https://www.imdb.com/title/tt10234814/?ref_=fn_ttl_ttl_232
Too Soon: Comedy After 9/11,2021,"Estee Adoram, Ahmed Ahmed",https://www.imdb.com/title/tt7509560/?ref_=fn_ttl_ttl_233
Untitled comedy Teen project,N/A,N/A,https://www.imdb.com/title/tt13483282/?ref_=fn_ttl_ttl_234
Directors: A Comedy,2013,"Elyse Ahmad, Nick Binder",https://www.imdb.com/title/tt2910138/?ref_=fn_ttl_ttl_235
Wingwomen,2023,"Adèle Exarchopoulos, Mélanie Laurent",https://www.imdb.com/title/tt21638298/?ref_=fn_ttl_ttl_236
Death by Comedy,N/A,N/A,https://www.imdb.com/title/tt7756034/?ref_=fn_ttl_ttl_237
Bartypes: A Stereotypical Comedy,2002,"Charles Schefer, Troy Lee Sargent",https://www.imdb.com/title/tt3030786/?ref_=fn_ttl_ttl_238
Na Ali'i of Comedy: The Movie,2013,"Andy Bumatai, Frank Delima",https://www.imdb.com/title/tt2918012/?ref_=fn_ttl_ttl_239
Hey Mr. Wilson Comedy Special,2024,"Comedian Ron da Don, Comedian Dutchess",https://www.imdb.com/title/tt30926245/?ref_=fn_ttl_ttl_240
Pride and Prejudice,2003,"Kam Heskin, Orlando Seale",https://www.imdb.com/title/tt0366920/?ref_=fn_ttl_ttl_241
Doc: Comedy,2012,"Broderick Chow, Rob Gee",https://www.imdb.com/title/tt2364888/?ref_=fn_ttl_ttl_242
Daejeon Romantic Comedy,2019,"Lee Min-ah, Cho Ha Young",https://www.imdb.com/title/tt13323012/?ref_=fn_ttl_ttl_243
Traffic Jam Comedy Jam Vol 2,2025,"Divine, Talent Harris Jr.",https://www.imdb.com/title/tt32758972/?ref_=fn_ttl_ttl_244
The Mayor of Comedy: A Canadian Stand-Up Story,2019,"Sandra Battaglini, Jo Britton",https://www.imdb.com/title/tt27546098/?ref_=fn_ttl_ttl_245
Untitled Divorce Comedy,N/A,N/A,https://www.imdb.com/title/tt3700854/?ref_=fn_ttl_ttl_246
"Sex, Drugs, and Comedy",2011,"Marshall Brandon, Eddie Brill",https://www.imdb.com/title/tt1340734/?ref_=fn_ttl_ttl_247
Untitled Abby Kohn/Marc Silverstein Romantic Comedy,N/A,N/A,https://www.imdb.com/title/tt6938826/?ref_=fn_ttl_ttl_248
Flickers: A Silent Romantic Comedy,1995,"Robbie Chafitz, Amy Einstein",https://www.imdb.com/title/tt0366453/?ref_=fn_ttl_ttl_249
Untitled Universal Romantic Comedy Event Film,2026,N/A,https://www.imdb.com/title/tt32222535/?ref_=fn_ttl_ttl_250
Fufi Ji (Comedy Video?,2022,"Mani Meraj, Shashi Yadav",https://www.imdb.com/title/tt27169603/?ref_=fn_ttl_ttl_251
Playa Connection Da Comedy Movie,2023,Vee the Recruiter,https://www.imdb.com/title/tt27773531/?ref_=fn_ttl_ttl_252
Behind the scenes (musical comedy),N/A,N/A,https://www.imdb.com/title/tt36745625/?ref_=fn_ttl_ttl_253
Punch & Judy: Tragical Comedy or Comical Tragedy,1981,Joe Melia,https://www.imdb.com/title/tt0340921/?ref_=fn_ttl_ttl_254
The Corey Landis Comedy Hour,Corey Landis,N/A,https://www.imdb.com/title/tt27609352/?ref_=fn_ttl_ttl_255
Comedy Knights,2018,"Matthew Poletti, Erik William",https://www.imdb.com/title/tt7851260/?ref_=fn_ttl_ttl_256
Cold Iron Is a Titanic Comedy,2014,"Henry Benvenuiti, Hercinia Collective",https://www.imdb.com/title/tt3480060/?ref_=fn_ttl_ttl_257
"Comedy, a Tragedy in One Act",2001,"Matthew Powers, Yvonne Christ",https://www.imdb.com/title/tt0280569/?ref_=fn_ttl_ttl_258
Lakeland Love Comedy,2009,"David Acevedo, Tiffany Avey",https://www.imdb.com/title/tt1686320/?ref_=fn_ttl_ttl_259
Tim Hawkins: Rockshow Comedy Tour,2011,"John Branyan, Tim Hawkins",https://www.imdb.com/title/tt14938440/?ref_=fn_ttl_ttl_260
"The Big Black Comedy Show, Vol. 5",2006,"Wanda Smith, John Witherspoon",https://www.imdb.com/title/tt13616978/?ref_=fn_ttl_ttl_261
Breakin' All the Rules,2004,"Jamie Foxx, Gabrielle Union",https://www.imdb.com/title/tt0349169/?ref_=fn_ttl_ttl_262
Sex Is Comedy: The Revolution of Intimacy Coordinators,2024,"Paloma Garcia Martens, George Robinson",https://www.imdb.com/title/tt31629062/?ref_=fn_ttl_ttl_263
Untitled Detroit Comedy,N/A,N/A,https://www.imdb.com/title/tt7537958/?ref_=fn_ttl_ttl_264
Unt. NFL Romantic Comedy,N/A,N/A,https://www.imdb.com/title/tt35667264/?ref_=fn_ttl_ttl_265
A Comedy Among Fools,1937,"Eduardo De Filippo, Assia Noris",https://www.imdb.com/title/tt0166146/?ref_=fn_ttl_ttl_266
Maxx Pain Presents Best Around Comedy Part 1 Detroit,2022,"Toi Too Tall, Comic Will",https://www.imdb.com/title/tt21261348/?ref_=fn_ttl_ttl_267
The Comedy Show: Clean Comedy with a Smile,2011,"Art Fettig, Gail Ostrishko",https://www.imdb.com/title/tt1935260/?ref_=fn_ttl_ttl_268
The Awkward Comedy Show,2010,"Eric André, Hannibal Buress",https://www.imdb.com/title/tt1285212/?ref_=fn_ttl_ttl_269
Untitled Horror Comedy,N/A,N/A,https://www.imdb.com/title/tt15176708/?ref_=fn_ttl_ttl_270
Cuffing Season-A Dramatic Comedy,2014,"Kenyon Aiken, Gabriella Bonnor",https://www.imdb.com/title/tt3804892/?ref_=fn_ttl_ttl_271
Untitled Nneka Onuorah Musical Comedy,N/A,N/A,https://www.imdb.com/title/tt35053798/?ref_=fn_ttl_ttl_272
The Divine Comedy,2012,"J. LaMont Bryant, Jeremiah Edward Hobbs",https://www.imdb.com/title/tt2168390/?ref_=fn_ttl_ttl_273
Craig Gass: The Worst Comedy Show Ever,2013,Craig Gass,https://www.imdb.com/title/tt5074382/?ref_=fn_ttl_ttl_274
Free Speech to Cancel Culture: Profiles in Canadian Comedy,2023,"Shannon Bell, Mike Bullard",https://www.imdb.com/title/tt26673495/?ref_=fn_ttl_ttl_275
The Divine Comedy,2012,"J. LaMont Bryant, Jeremiah Edward Hobbs",https://www.imdb.com/title/tt2168390/?ref_=fn_ttl_ttl_276
Farewell: Comedy of Life Begins with a Lie,2020,"Gaku Hamada, Ai Hashimoto",https://www.imdb.com/title/tt11366644/?ref_=fn_ttl_ttl_277
Comedy on the Half Shell Presents: The Roast of Tom Myers,2015,"Tom Myers, Mike Turpin",https://www.imdb.com/title/tt5017532/?ref_=fn_ttl_ttl_278
Autumn Marathon,1979,"Oleg Basilashvili, Natalya Gundareva",https://www.imdb.com/title/tt0079679/?ref_=fn_ttl_ttl_279
Walter Latham's Comedy After Dark,2013,"Rosa Acosta, Sonny Bhatt",https://www.imdb.com/title/tt3328094/?ref_=fn_ttl_ttl_280
Public Sex,2009,"Luke Treadaway, Kate Heppell",https://www.imdb.com/title/tt0924468/?ref_=fn_ttl_ttl_281
Division III: Football's Finest,2011,"Andy Dick, Marshall Cook",https://www.imdb.com/title/tt1562849/?ref_=fn_ttl_ttl_282
Comedia rota,1978,"Julia von Grolman, Ignacio Quirós",https://www.imdb.com/title/tt0182009/?ref_=fn_ttl_ttl_283
Comedy After Dark,2007,"Doo-Doo Brown, Heather Hunter",https://www.imdb.com/title/tt16116250/?ref_=fn_ttl_ttl_284
Off the Grid Comedy: Belize,"Faizon Love, Damon Williams",N/A,https://www.imdb.com/title/tt5507138/?ref_=fn_ttl_ttl_285
Thankful for My Family: A Thanksgiving Comedy,2019,"Major 'Boogie' Bynum, Shelton R. Johnson",https://www.imdb.com/title/tt15709242/?ref_=fn_ttl_ttl_286
Pull: A Dark Comedy,"Larry Fessenden, Rigo Garay",N/A,https://www.imdb.com/title/tt27675476/?ref_=fn_ttl_ttl_287
Untitled Alex Grossman Comedy,N/A,N/A,https://www.imdb.com/title/tt3406726/?ref_=fn_ttl_ttl_288
Untitled Comedy Movie,N/A,N/A,https://www.imdb.com/title/tt36953681/?ref_=fn_ttl_ttl_289
The Hal Roach Comedy Carnival,1947,"Frances Rafferty, Larry Olsen",https://www.imdb.com/title/tt0039443/?ref_=fn_ttl_ttl_290
Family Viewing,1987,"David Hemblen, Aidan Tierney",https://www.imdb.com/title/tt0093006/?ref_=fn_ttl_ttl_291
Ren jian xi ju,2001,"Ling-hsien Chang, Tzu-Chiang Chao",https://www.imdb.com/title/tt0357092/?ref_=fn_ttl_ttl_292
Big Detroit Comedy Show,2024,"Gemini Da Realist, Martini Harris",https://www.imdb.com/title/tt33008597/?ref_=fn_ttl_ttl_293
Meiyou wancheng de xiju,1957,"Langen Han, Xiucen Yin",https://www.imdb.com/title/tt0891361/?ref_=fn_ttl_ttl_294
Untitled Comedy,N/A,N/A,https://www.imdb.com/title/tt34493286/?ref_=fn_ttl_ttl_295
Theatre Gods: A Virtual Comedy,2021,"Hadley Abrams, Sophia Avisar",https://www.imdb.com/title/tt15895372/?ref_=fn_ttl_ttl_296
George Kuchar: The Comedy of the Underground,1983,"Marion Eaton, David Hallinger",https://www.imdb.com/title/tt0371688/?ref_=fn_ttl_ttl_297
Who in the Hell is Lester Barrie? Comedy Special,2018,Lester Barrie,https://www.imdb.com/title/tt8420390/?ref_=fn_ttl_ttl_298
Underestimated Comedy,N/A,N/A,https://www.imdb.com/title/tt2317788/?ref_=fn_ttl_ttl_299
A Very Black Comedy,N/A,N/A,https://www.imdb.com/title/tt29644459/?ref_=fn_ttl_ttl_300
Clean Comedy on Dirty Sunset,2011,"Blaise Brooks, Laura Cardenas-Hillman",https://www.imdb.com/title/tt1928333/?ref_=fn_ttl_ttl_301
Mavri komodia,1995,"Spyros Bibilas, Petros Filippidis",https://www.imdb.com/title/tt6777446/?ref_=fn_ttl_ttl_302
ASOH Film,2022,"Michael Albarenga, Cole Alexander",https://www.imdb.com/title/tt14764656/?ref_=fn_ttl_ttl_303
Cat Ce's Live at Jimmy Kimmel's Comedy Club,2024,Cat Ce,https://www.imdb.com/title/tt33244526/?ref_=fn_ttl_ttl_304
Laffghanistan: Comedy Down Range,2009,"Graham Elwood, Aziz",https://www.imdb.com/title/tt1343324/?ref_=fn_ttl_ttl_305
Comédie!,1987,"Jane Birkin, Alain Souchon",https://www.imdb.com/title/tt0092774/?ref_=fn_ttl_ttl_306
Bridget McManus Comedy Special,2016,Bridget McManus,https://www.imdb.com/title/tt6055444/?ref_=fn_ttl_ttl_307
Untitled Movie Musical Comedy,N/A,N/A,https://www.imdb.com/title/tt9001226/?ref_=fn_ttl_ttl_308
Comedy Hustle: The Chitlin' Circuit,2020,"Tyler Craig, Dekeys",https://www.imdb.com/title/tt13167770/?ref_=fn_ttl_ttl_309
Three Barbecues: A Blackened Comedy,2004,"Sam Womelsdorf, Randy Sterns",https://www.imdb.com/title/tt0439849/?ref_=fn_ttl_ttl_310
The Great Comedy Debate,2023,"Michele A'Court, Courtney Dawson",https://www.imdb.com/title/tt27882047/?ref_=fn_ttl_ttl_311
Jonathan Slocumb's: Cuss Free Comedy,2015,Jonathan Slocumb,https://www.imdb.com/title/tt19355322/?ref_=fn_ttl_ttl_312
Comedy Confessions,2022,"Tiffany Haddish, Doc Jones",https://www.imdb.com/title/tt21285070/?ref_=fn_ttl_ttl_313
Brent Pella's Christmas Sketch Comedy Special,2022,"Brent Pella, Nikki Howard",https://www.imdb.com/title/tt24895978/?ref_=fn_ttl_ttl_314
The Comedy Store: Raw & Uncut,2013,N/A,https://www.imdb.com/title/tt2700002/?ref_=fn_ttl_ttl_315
"Sex Comedy, Quick on the Trigger",1971,"Tonpei Hidari, Shingo Yamashiro",https://www.imdb.com/title/tt0255538/?ref_=fn_ttl_ttl_316
Untitled True Crime Comedy,N/A,N/A,https://www.imdb.com/title/tt15302346/?ref_=fn_ttl_ttl_317
Komedie s Klikou,1964,"Jirina Bohdalová, Karel Höger",https://www.imdb.com/title/tt0058272/?ref_=fn_ttl_ttl_318
Untitled Birthright comedy,N/A,N/A,https://www.imdb.com/title/tt27160129/?ref_=fn_ttl_ttl_319
Dante's One Man Comedy Hour,2013,"Wayne Bigg Weezy Brown, Dante",https://www.imdb.com/title/tt2704492/?ref_=fn_ttl_ttl_320
Untitled John Cena Comedy,N/A,N/A,https://www.imdb.com/title/tt36110331/?ref_=fn_ttl_ttl_321
Lifetime of Comedy,1960,"Charles Chaplin, Buster Keaton",https://www.imdb.com/title/tt5214734/?ref_=fn_ttl_ttl_322
Untitled Comedy Horror Movie,N/A,N/A,https://www.imdb.com/title/tt14476798/?ref_=fn_ttl_ttl_323
Drugs. Disease. Death. A Comedy with Mike DeStefano,"Marc Maron, Eugene Mirman",N/A,https://www.imdb.com/title/tt3595048/?ref_=fn_ttl_ttl_324
Untitled Romantic Comedy,N/A,N/A,https://www.imdb.com/title/tt11939584/?ref_=fn_ttl_ttl_325
Fresh + Clean Stand Up Comedy,2009,"Dennis Gaxiola, A.J. Jamal",https://www.imdb.com/title/tt3566140/?ref_=fn_ttl_ttl_326
Rocking the Boat,"Rebel Wilson, Leslie Mann",N/A,https://www.imdb.com/title/tt6237016/?ref_=fn_ttl_ttl_327
To Make a Comedy Is No Fun : Jirí Menzel,2016,"Jirí Menzel, Ken Loach",https://www.imdb.com/title/tt6041746/?ref_=fn_ttl_ttl_328
The Bohemian Girl,1936,"Stan Laurel, Oliver Hardy",https://www.imdb.com/title/tt0027376/?ref_=fn_ttl_ttl_329
Untitled Blake McCormick Cop Comedy,N/A,N/A,https://www.imdb.com/title/tt2403830/?ref_=fn_ttl_ttl_330
Baggy in & as KungFu Bonda: A Mostly English Stand Up Comedy Special,2020,Bhargav Ramakrishnan,https://www.imdb.com/title/tt12199368/?ref_=fn_ttl_ttl_331
Unt. Jocelyn Moorhouse: Amazon Studios Comedy,N/A,N/A,https://www.imdb.com/title/tt10466958/?ref_=fn_ttl_ttl_332
Untitled Female Driven Wedding Comedy,N/A,N/A,https://www.imdb.com/title/tt31720288/?ref_=fn_ttl_ttl_333
Lunchbox Comedy LIVE at Ground Zero Blues Club,2023,"Jeff Vance, Tommy Bergeron",https://www.imdb.com/title/tt31645686/?ref_=fn_ttl_ttl_334
A Bedfull of Foreigners,1996,"John C. Broderick, Barbara De Rossi",https://www.imdb.com/title/tt0313265/?ref_=fn_ttl_ttl_335
"Vaudeville Comedy, Then and Now",2012,"Johnny D. Baca, William Charles Bresch",https://www.imdb.com/title/tt2586482/?ref_=fn_ttl_ttl_336
Untitled Romantic Comedy Project,N/A,N/A,https://www.imdb.com/title/tt15481784/?ref_=fn_ttl_ttl_337
Comedy in Color,2020,Trey Elliot,https://www.imdb.com/title/tt13566842/?ref_=fn_ttl_ttl_338
Untitled Mother-Daughter Comedy,N/A,N/A,https://www.imdb.com/title/tt32402189/?ref_=fn_ttl_ttl_339
Detroit International Comedy Festival,2010,"Ryan Hamilton, Brett Eastburn",https://www.imdb.com/title/tt1609109/?ref_=fn_ttl_ttl_340
Comedy Cavalcade,1973,"Andy Clyde, Willie Howard",https://www.imdb.com/title/tt14354024/?ref_=fn_ttl_ttl_341
Whoopee!,1930,"Eddie Cantor, Ethel Shutta",https://www.imdb.com/title/tt0021549/?ref_=fn_ttl_ttl_342
Liquor House Comedy presents Brown Sugar Night,2020,"Aaliyah Ford, Dink Kearney",https://www.imdb.com/title/tt12193734/?ref_=fn_ttl_ttl_343
Scary Movie 2: A Gacha Horror Comedy Parody Sequel,"Joseph Murrieta, William Skogsrud",N/A,https://www.imdb.com/title/tt36380756/?ref_=fn_ttl_ttl_344
The Too Big for TV Comedy Special,La Rance Braggs,N/A,https://www.imdb.com/title/tt23055272/?ref_=fn_ttl_ttl_345
Circumcise Me: The Comedy of Yisrael Campbell,2008,N/A,https://www.imdb.com/title/tt7662688/?ref_=fn_ttl_ttl_346
Liquor House Comedy 2,2019,"Kimberly Daniece, Dink Kearney",https://www.imdb.com/title/tt9875900/?ref_=fn_ttl_ttl_347
Untitled Cop Comedy Project,N/A,N/A,https://www.imdb.com/title/tt5020564/?ref_=fn_ttl_ttl_348
Scoreboard: A Comedy of Errors,N/A,N/A,https://www.imdb.com/title/tt12756484/?ref_=fn_ttl_ttl_349
Untitled Jason Filardi/Supernatural Comedy Project,N/A,N/A,https://www.imdb.com/title/tt4200080/?ref_=fn_ttl_ttl_350
The 2012 CBS Diversity Sketch Comedy Showcase,2012,"Paula Christensen, Michael Hartney",https://www.imdb.com/title/tt9611876/?ref_=fn_ttl_ttl_351
The Comedy of Rage,N/A,N/A,https://www.imdb.com/title/tt8547662/?ref_=fn_ttl_ttl_352
Comedy: Big Sudden Attack,1969,N/A,https://www.imdb.com/title/tt10047014/?ref_=fn_ttl_ttl_353
Latin Comedy: Una Comedia de Derecha para un Publico de Izquierda,2003,"Myrna Casas, Lorel Crespo",https://www.imdb.com/title/tt2200872/?ref_=fn_ttl_ttl_354
The Latin Legends of Comedy,2006,"J.J. Ramirez, Ángel Salazar",https://www.imdb.com/title/tt0418823/?ref_=fn_ttl_ttl_355
Untitled Romantic Comedy,N/A,N/A,https://www.imdb.com/title/tt3630278/?ref_=fn_ttl_ttl_356
Crazy Legs: The Life and Career of Stand-Up Comedy Legend Chris Fonseca,Chris Fonseca,N/A,https://www.imdb.com/title/tt35506020/?ref_=fn_ttl_ttl_357
"Alain Poiré, the King of comedy",N/A,N/A,https://www.imdb.com/title/tt13979338/?ref_=fn_ttl_ttl_358
Situation Comedy,N/A,N/A,https://www.imdb.com/title/tt4357390/?ref_=fn_ttl_ttl_359
Bailey and Blaq's Underground Gems Comedy Special,Brandon Medlock,N/A,https://www.imdb.com/title/tt22742072/?ref_=fn_ttl_ttl_360
2N Comedy,2009,Kenn Kington,https://www.imdb.com/title/tt1786374/?ref_=fn_ttl_ttl_361
Untitled Zac Eglinton Dark Comedy,N/A,N/A,https://www.imdb.com/title/tt31145625/?ref_=fn_ttl_ttl_362
Untitled Romantic Comedy Film,N/A,N/A,https://www.imdb.com/title/tt14477128/?ref_=fn_ttl_ttl_363
Hysterical,2021,"Amy Schumer, Ali Wong",https://www.imdb.com/title/tt10773654/?ref_=fn_ttl_ttl_364
La Screwball : une histoire de la comédie américaine,2015,"Molly Haskell, Joseph McBride",https://www.imdb.com/title/tt7275966/?ref_=fn_ttl_ttl_365
Off the Grid Comedy: Cayman,"Damon Williams, Tony T. Roberts",N/A,https://www.imdb.com/title/tt5507124/?ref_=fn_ttl_ttl_366
Comedy at Warped Speed,1992,N/A,https://www.imdb.com/title/tt0103990/?ref_=fn_ttl_ttl_367
A Covidy of Errors,"Hilary Barraford, Sohrab Khandelwal",N/A,https://www.imdb.com/title/tt18347294/?ref_=fn_ttl_ttl_368
The Coexist Comedy Tour,2012,"Larry Brand, James Carpenter",https://www.imdb.com/title/tt2158791/?ref_=fn_ttl_ttl_369
Divine Comedy,2008,N/A,https://www.imdb.com/title/tt7950762/?ref_=fn_ttl_ttl_370
The Coffee Table,2022,"David Pareja, Estefanía de los Santos",https://www.imdb.com/title/tt21874760/?ref_=fn_ttl_ttl_371
Maxx Pain Presents Best Around Comedy Part 2 Detroit,2022,"Buddy Love, D Pounds",https://www.imdb.com/title/tt21261380/?ref_=fn_ttl_ttl_372
The Verdict Comedy Show,2024,"Torry J, Mic Larry",https://www.imdb.com/title/tt31849444/?ref_=fn_ttl_ttl_373
Comedy of Errors,2010,"Oliver Hoare, Jane Horn",https://www.imdb.com/title/tt9698788/?ref_=fn_ttl_ttl_374
"Behind the Jokes with Blaq Ron, the Malcolm X of Comedy",2025,N/A,https://www.imdb.com/title/tt36410988/?ref_=fn_ttl_ttl_375
Comedy of Errors,2010,"Oliver Hoare, Jane Horn",https://www.imdb.com/title/tt9698788/?ref_=fn_ttl_ttl_376
A Not So Divine Comedy,N/A,N/A,https://www.imdb.com/title/tt32604428/?ref_=fn_ttl_ttl_377
W gli Sposi,2019,"Iva Zanicchi, Carlo Pistarino",https://www.imdb.com/title/tt6264148/?ref_=fn_ttl_ttl_378
Untitled Haunted Band Comedy,N/A,N/A,https://www.imdb.com/title/tt5642064/?ref_=fn_ttl_ttl_379
Untitled Journeyman Sports Comedy,N/A,N/A,https://www.imdb.com/title/tt36159793/?ref_=fn_ttl_ttl_380
Comedy: A Man's Trial of Strength,1974,"Furankî Sakai, Kiwako Taichi",https://www.imdb.com/title/tt10047696/?ref_=fn_ttl_ttl_381
Comedy Sketches,2020,Peter Boiadzhieff,https://www.imdb.com/title/tt12088564/?ref_=fn_ttl_ttl_382
Legends of Stand Up Comedy,2024,"Jack Benny, George Burns",https://www.imdb.com/title/tt32359572/?ref_=fn_ttl_ttl_383
Untitled Holiday Comedy,2023,N/A,https://www.imdb.com/title/tt16899416/?ref_=fn_ttl_ttl_384
Nicky the Buzzard Shane Comedy Show,2014,"Nicky Shane, Rolan Whitt",https://www.imdb.com/title/tt7748154/?ref_=fn_ttl_ttl_385
Breakup at a Wedding,2013,"Alison Fyhrie, Philip Quinaz",https://www.imdb.com/title/tt1935300/?ref_=fn_ttl_ttl_386
"The Friar's Lantern, A Comedy of Terrors",2015,"Pam Godfrey, Perry Simpson",https://www.imdb.com/title/tt5074972/?ref_=fn_ttl_ttl_387
Untitled Richard Chiu/Yo Frank Comedy,N/A,N/A,https://www.imdb.com/title/tt23056560/?ref_=fn_ttl_ttl_388
Make Me Laugh Monday Comedy Mixtape,2014,"Vanessa Fraction, Ashima Franklin",https://www.imdb.com/title/tt32306571/?ref_=fn_ttl_ttl_389
Millhouse,1971,Richard Nixon,https://www.imdb.com/title/tt0067431/?ref_=fn_ttl_ttl_390
Untitled Cousins Comedy,N/A,N/A,https://www.imdb.com/title/tt4903530/?ref_=fn_ttl_ttl_391
Outta Pocket Comedy Special,2022,Nick Souffrant,https://www.imdb.com/title/tt21420598/?ref_=fn_ttl_ttl_392
Stand Up/Fall Down Comedy,Lissa Sears,N/A,https://www.imdb.com/title/tt10763350/?ref_=fn_ttl_ttl_393
Lillo e Greg Comedy Show,2022,"Pasquale Petrolo, Claudio Gregori",https://www.imdb.com/title/tt22889942/?ref_=fn_ttl_ttl_394
Live Comedy: Dulce Sloan,N/A,N/A,https://www.imdb.com/title/tt29392259/?ref_=fn_ttl_ttl_395
Divine Comedy: Hawaii 2006,2006,"Peyton Buhler, Taylor Busby",https://www.imdb.com/title/tt6266208/?ref_=fn_ttl_ttl_396
Comedy of Wrestling,2008,"AJ AlMazeedi, Nasser Almazeedi",https://www.imdb.com/title/tt5833314/?ref_=fn_ttl_ttl_397
Untitled Babs Do Productions Comedy Film,N/A,N/A,https://www.imdb.com/title/tt10824334/?ref_=fn_ttl_ttl_398
Kigeki ekimae kinyû,1965,"Hisaya Morishige, Furankî Sakai",https://www.imdb.com/title/tt0322956/?ref_=fn_ttl_ttl_399
The Memphis Comedy Festival MMXII,2012,"Phil Ciskowski, Jowa Horn",https://www.imdb.com/title/tt2425326/?ref_=fn_ttl_ttl_400
Liquor House Comedy presents Julio Hennessey: Call the Law,2021,Julio Hennessey,https://www.imdb.com/title/tt13759630/?ref_=fn_ttl_ttl_401
Keith Lowell Jensen: Bad Comedy for Bad People,2018,Keith Lowell Jensen,https://www.imdb.com/title/tt8223714/?ref_=fn_ttl_ttl_402
A Perfect Match,2002,"Shin Eun-kyung, Jeong Jun-ho",https://www.imdb.com/title/tt0326992/?ref_=fn_ttl_ttl_403
Grown Man Comedy... The Experience,2018,"Michael ""Lyfelong"" Foster, Brynn Mosley",https://www.imdb.com/title/tt31710543/?ref_=fn_ttl_ttl_404
AAA's Untitled Rock Comedy,N/A,N/A,https://www.imdb.com/title/tt10868698/?ref_=fn_ttl_ttl_405
Corny: When Comedy Can't Get Any Better!,2014,Tre Tristan,https://www.imdb.com/title/tt3145520/?ref_=fn_ttl_ttl_406
Untitled Dark Comedy,N/A,N/A,https://www.imdb.com/title/tt12008310/?ref_=fn_ttl_ttl_407
Untitled Horror Comedy,N/A,N/A,https://www.imdb.com/title/tt7880434/?ref_=fn_ttl_ttl_408
Live Comedy: Katie Boyle,Katie Boyle,N/A,https://www.imdb.com/title/tt30894911/?ref_=fn_ttl_ttl_409
A Comedy of Errors,N/A,N/A,https://www.imdb.com/title/tt32499256/?ref_=fn_ttl_ttl_410
A Comedy in Spain,N/A,N/A,https://www.imdb.com/title/tt5490372/?ref_=fn_ttl_ttl_411
Go for Zucker,2004,"Henry Hübchen, Hannelore Elsner",https://www.imdb.com/title/tt0416331/?ref_=fn_ttl_ttl_412
Fun(d)raising: The Secret of Tongan Comedy,2008,"Falanise Foliaki, Pote Hausia",https://www.imdb.com/title/tt1339653/?ref_=fn_ttl_ttl_413
Untitled Dance Comedy Project,N/A,N/A,https://www.imdb.com/title/tt31970751/?ref_=fn_ttl_ttl_414
Staten Island Comedy Festival,2009,"Vic Dibitetto, Mary Dimino",https://www.imdb.com/title/tt1468735/?ref_=fn_ttl_ttl_415
The Big Men of Comedy Tour,2009,"Eddie Barojas, Tim Chizmar",https://www.imdb.com/title/tt3303454/?ref_=fn_ttl_ttl_416
Live Comedy: Luis J Gomez,N/A,N/A,https://www.imdb.com/title/tt29392229/?ref_=fn_ttl_ttl_417
Very Good Comedy Story,2019,"Aric Grooms, Robert Punchur",https://www.imdb.com/title/tt12354340/?ref_=fn_ttl_ttl_418
Comedy Bad Boys 2020,2020,"Chiko Will, Mark Vincent",https://www.imdb.com/title/tt13237832/?ref_=fn_ttl_ttl_419
Kigeki ekimae bantô,1966,"Hisaya Morishige, Furankî Sakai",https://www.imdb.com/title/tt0322946/?ref_=fn_ttl_ttl_420
A Little Italian Vacation,2021,"Karen Maruyama, Hannah van der Westhuysen",https://www.imdb.com/title/tt7177346/?ref_=fn_ttl_ttl_421
Best Comedy Shorts,2020,N/A,https://www.imdb.com/title/tt12837398/?ref_=fn_ttl_ttl_422
Untitled Sean Blanche Comedy,N/A,N/A,https://www.imdb.com/title/tt10001982/?ref_=fn_ttl_ttl_423
Halifax Comedy Fest,2022,N/A,https://www.imdb.com/title/tt36364218/?ref_=fn_ttl_ttl_424
The Comedy Has Ended,1946,N/A,https://www.imdb.com/title/tt11349912/?ref_=fn_ttl_ttl_425
Untitled Horror Comedy,N/A,N/A,https://www.imdb.com/title/tt6617226/?ref_=fn_ttl_ttl_426
Curry and Comedy,N/A,N/A,https://www.imdb.com/title/tt11166850/?ref_=fn_ttl_ttl_427
Q: A Dark Comedy,2008,"Ceejay Blake, Wade Gabel",https://www.imdb.com/title/tt7775650/?ref_=fn_ttl_ttl_428
Comedy: The Great Boss,1970,"Isamu Nagato, Ken'ichi Tani",https://www.imdb.com/title/tt9025478/?ref_=fn_ttl_ttl_429
Untitled Sports Comedy 2020,2020,N/A,https://www.imdb.com/title/tt11346172/?ref_=fn_ttl_ttl_430
Untitled Comedy Film,N/A,N/A,https://www.imdb.com/title/tt12695158/?ref_=fn_ttl_ttl_431
UGK David's Sit Down Stand-Up Comedy Special,2022,"Mike Barkhoff, UGK David",https://www.imdb.com/title/tt19263772/?ref_=fn_ttl_ttl_432
Bag Snatchers: A Halloween Comedy,N/A,N/A,https://www.imdb.com/title/tt28614459/?ref_=fn_ttl_ttl_433
Zen Comedy,2023,"Patrick Bean, Kerri Gallagher",https://www.imdb.com/title/tt30192157/?ref_=fn_ttl_ttl_434
"Liquor House Comedy Almost Clean, Vol. 1",2020,"Tony Barbadose, Tymeeka Dickerson",https://www.imdb.com/title/tt12081022/?ref_=fn_ttl_ttl_435
UNTITLED COMEDY SCRIPT MOVIE,N/A,N/A,https://www.imdb.com/title/tt7925082/?ref_=fn_ttl_ttl_436
All Hail the Hams! Breaking the Silence on a Comedy Classic,2020,"Craig Campobasso, Julie Corman",https://www.imdb.com/title/tt13446508/?ref_=fn_ttl_ttl_437
The Waco/Central Texas Comedy Jam 2023,"Murphy Montgomery, Chadwick Johnson",N/A,https://www.imdb.com/title/tt28259668/?ref_=fn_ttl_ttl_438
Traffic Jam comedy Jam,2025,"Cuzin Corn, K.Smith",https://www.imdb.com/title/tt35969194/?ref_=fn_ttl_ttl_439
Irish Comedy Greats,2017,"Noel V. Ginty, Jimmy O'Dea",https://www.imdb.com/title/tt31474466/?ref_=fn_ttl_ttl_440
3 5 Comedy of Errors,2012,N/A,https://www.imdb.com/title/tt6449380/?ref_=fn_ttl_ttl_441
Live Double-Headliner Comedy: Derek Gaines & Dave Temple,N/A,N/A,https://www.imdb.com/title/tt29392244/?ref_=fn_ttl_ttl_442
Cruzzin with Laffter Comedy Show,"Danny Cruzz, Kevin Davis",N/A,https://www.imdb.com/title/tt14192698/?ref_=fn_ttl_ttl_443
Untitled Comedy Project,N/A,N/A,https://www.imdb.com/title/tt8096814/?ref_=fn_ttl_ttl_444
Untitled Romantic Comedy,Lindsay Fonk,N/A,https://www.imdb.com/title/tt3702518/?ref_=fn_ttl_ttl_445
Untitled New Years Romantic Comedy,N/A,N/A,https://www.imdb.com/title/tt10150860/?ref_=fn_ttl_ttl_446
Road Dogs: The Grassroots Comedy Tour,2005,"Josh Alton, Dave Attell",https://www.imdb.com/title/tt1557683/?ref_=fn_ttl_ttl_447
Untitled Comedy Feature,N/A,N/A,https://www.imdb.com/title/tt3827004/?ref_=fn_ttl_ttl_448
Humanism! A new comedy,2018,"Randall Paul, Véronique Vergari",https://www.imdb.com/title/tt11384780/?ref_=fn_ttl_ttl_449
Bossip Comedy Series II,2014,John J. Palomino,https://www.imdb.com/title/tt5008900/?ref_=fn_ttl_ttl_450
The Comedy of Errors,1940,"Man-Lei Wong, Chau-Shui Yee",https://www.imdb.com/title/tt3508710/?ref_=fn_ttl_ttl_451
Nick West Comedy - Still Dreamin,2012,"Sal Arreola, Brent Bermeister",https://www.imdb.com/title/tt2380097/?ref_=fn_ttl_ttl_452
Humanism! A new comedy,2018,"Randall Paul, Véronique Vergari",https://www.imdb.com/title/tt11384780/?ref_=fn_ttl_ttl_453
The Whiskey Brothers Comedy Special,2015,Slade Ham,https://www.imdb.com/title/tt28777708/?ref_=fn_ttl_ttl_454
Untitled Jacqueline Salgado Comedy,N/A,N/A,https://www.imdb.com/title/tt23218964/?ref_=fn_ttl_ttl_455
Cancombe Lady Comedy Improv Sketch,2018,"John Moschitta Jr., Tierre Diaz",https://www.imdb.com/title/tt6436786/?ref_=fn_ttl_ttl_456
Black Comedy,2022,"Parthaa Akerkar, Rajkumar Kanojia",https://www.imdb.com/title/tt15157474/?ref_=fn_ttl_ttl_457
Untitled Comedy,N/A,N/A,https://www.imdb.com/title/tt12362440/?ref_=fn_ttl_ttl_458
Qiao tai shou ran dian yuan yang pu,1964,"Pat Ting Hung, Hsiang Chun Li",https://www.imdb.com/title/tt0888052/?ref_=fn_ttl_ttl_459
Untitled Comedy/Romantic film,N/A,N/A,https://www.imdb.com/title/tt8752630/?ref_=fn_ttl_ttl_460
I Love You,2016,"Anton Forsdik, Björn Kjellman",https://www.imdb.com/title/tt5183654/?ref_=fn_ttl_ttl_461
Waco Comedy Jam 2,2024,"Big Beauty, Barnard Blackmon",https://www.imdb.com/title/tt33265036/?ref_=fn_ttl_ttl_462
Untitled Romantic Comedy,N/A,N/A,https://www.imdb.com/title/tt14031660/?ref_=fn_ttl_ttl_463
Ken Boyd: The Experience,2020,"Ken Boyd, M.C. Kane",https://www.imdb.com/title/tt12347350/?ref_=fn_ttl_ttl_464
Untitled Romantic Comedy,N/A,N/A,https://www.imdb.com/title/tt10579650/?ref_=fn_ttl_ttl_465
Speedy & Friends Comedy Show,2023,N/A,https://www.imdb.com/title/tt29169073/?ref_=fn_ttl_ttl_466
Mic-Champs Comedy Showcase,"Gabby Lamb, Matty Chymbor",N/A,https://www.imdb.com/title/tt32850476/?ref_=fn_ttl_ttl_467
Untitled Comedy Screenplay,N/A,N/A,https://www.imdb.com/title/tt21158572/?ref_=fn_ttl_ttl_468
Untitled Comedy Superhero film,N/A,N/A,https://www.imdb.com/title/tt32452787/?ref_=fn_ttl_ttl_469
"Liquor House Comedy Almost Clean, Vol. 2",2020,"Dink Kearney, Blak Roze",https://www.imdb.com/title/tt12117064/?ref_=fn_ttl_ttl_470
Komediya strogogo rezhima,1992,"Viktor Sukhorukov, Ivan Krivoruchko",https://www.imdb.com/title/tt0106591/?ref_=fn_ttl_ttl_471
Untitled Romantic Comedy Project,N/A,N/A,https://www.imdb.com/title/tt5249044/?ref_=fn_ttl_ttl_472
The Hansen Comedy Tour,2016,"Briana Hansen, Natasha Pearl Hansen",https://www.imdb.com/title/tt5373952/?ref_=fn_ttl_ttl_473
Untitled Molly Shannon Comedy,N/A,N/A,https://www.imdb.com/title/tt2106740/?ref_=fn_ttl_ttl_474
Untitled Psychedelic Black Comedy Project,N/A,N/A,https://www.imdb.com/title/tt24654906/?ref_=fn_ttl_ttl_475
Untitled Kent Moran Comedy,N/A,N/A,https://www.imdb.com/title/tt5806768/?ref_=fn_ttl_ttl_476
Hollywood and African Prestigious Comedy/Music/Fashion Awards 2019,2019,"Abby, Ajala",https://www.imdb.com/title/tt27010497/?ref_=fn_ttl_ttl_477
The Social Impact of Comedy,2019,Stacy Traub,https://www.imdb.com/title/tt11381312/?ref_=fn_ttl_ttl_478
Untitled January 2021 Comedy,N/A,N/A,https://www.imdb.com/title/tt13620482/?ref_=fn_ttl_ttl_479
Kigeki ekimae manga,1966,"Hisaya Morishige, Furankî Sakai",https://www.imdb.com/title/tt0322957/?ref_=fn_ttl_ttl_480
Untitled Minnesota Hockey Comedy,N/A,N/A,https://www.imdb.com/title/tt35053124/?ref_=fn_ttl_ttl_481
La comédie humaine,2010,"Chapman To, Cho-Lam Wong",https://www.imdb.com/title/tt1612142/?ref_=fn_ttl_ttl_482
Untitled Arnaiz/Matilla Fantasy Action Comedy,N/A,N/A,https://www.imdb.com/title/tt9047810/?ref_=fn_ttl_ttl_483
Graham Kay Comedy Special,2022,Graham Kay,https://www.imdb.com/title/tt26818427/?ref_=fn_ttl_ttl_484
Untitled Romantic Comedy,N/A,N/A,https://www.imdb.com/title/tt13899662/?ref_=fn_ttl_ttl_485
Real Talk: Hip-Hop Comedy,2006,"'Rayzor' Raymond Davis, Talent Harris",https://www.imdb.com/title/tt2403941/?ref_=fn_ttl_ttl_486
It's Only Comedy,2015,N/A,https://www.imdb.com/title/tt5132626/?ref_=fn_ttl_ttl_487
Curley,1947,"Larry Olsen, Frances Rafferty",https://www.imdb.com/title/tt0039292/?ref_=fn_ttl_ttl_488
BlackVerse Comedy Show,2018,"Shelia Andrews, Angela Batuure",https://www.imdb.com/title/tt21445608/?ref_=fn_ttl_ttl_489
Untitled Female Stoner Comedy,N/A,N/A,https://www.imdb.com/title/tt27650227/?ref_=fn_ttl_ttl_490
Untitled Michael Krol Comedy Project,N/A,N/A,https://www.imdb.com/title/tt30442930/?ref_=fn_ttl_ttl_491
Souled Out Comedy,2009,"Rick Younger, Marc Theobald",https://www.imdb.com/title/tt1454552/?ref_=fn_ttl_ttl_492
Florida College Comedy Tour on Fire,N/A,N/A,https://www.imdb.com/title/tt10198632/?ref_=fn_ttl_ttl_493
Untitled Dark Comedy,N/A,N/A,https://www.imdb.com/title/tt4038014/?ref_=fn_ttl_ttl_494
Untitled Benji Sandergaard Political Dark Comedy,N/A,N/A,https://www.imdb.com/title/tt9783278/?ref_=fn_ttl_ttl_495
Fly-Fishing Comedy,N/A,N/A,https://www.imdb.com/title/tt7592906/?ref_=fn_ttl_ttl_496
Yankee 2 Kilo,2001,"Scott Christopher, Lisa D. Deml",https://www.imdb.com/title/tt0229061/?ref_=fn_ttl_ttl_497
Live Comedy: Sean Donnelly,Sean Donnelly,N/A,https://www.imdb.com/title/tt30894883/?ref_=fn_ttl_ttl_498
My Name Is Mo'Nique,2023,"Mo'Nique, Lee Daniels",https://www.imdb.com/title/tt21328182/?ref_=fn_ttl_ttl_499
Untitled Fast Food Comedy Project,N/A,N/A,https://www.imdb.com/title/tt10303028/?ref_=fn_ttl_ttl_500
Director's Cut,2003,"Kathleen Taylor, Molly Michelle",https://www.imdb.com/title/tt0374616/?ref_=fn_ttl_ttl_501
Untitled DNA Comedy,N/A,N/A,https://www.imdb.com/title/tt17736462/?ref_=fn_ttl_ttl_502
TDCF Untitled Action Comedy,N/A,N/A,https://www.imdb.com/title/tt22334190/?ref_=fn_ttl_ttl_503
You Can't Be Serious: The Art of Stand-Up Comedy,Matthew Bardeleben,N/A,https://www.imdb.com/title/tt4029536/?ref_=fn_ttl_ttl_504
Untitled Dark Comedy Project,N/A,N/A,https://www.imdb.com/title/tt6697250/?ref_=fn_ttl_ttl_505
Untitled Action Comedy Film,N/A,N/A,https://www.imdb.com/title/tt14477260/?ref_=fn_ttl_ttl_506
Untitled Chinese Language Sci-Fi Comedy,N/A,N/A,https://www.imdb.com/title/tt6388998/?ref_=fn_ttl_ttl_507
Komedi i Hägerskog,1968,"Anita Björk, Monica Nordquist",https://www.imdb.com/title/tt0063190/?ref_=fn_ttl_ttl_508
"Dying is Easy, Comedy is Hard",N/A,N/A,https://www.imdb.com/title/tt15004172/?ref_=fn_ttl_ttl_509
Untitled NYC Romantic Comedy,N/A,N/A,https://www.imdb.com/title/tt17078378/?ref_=fn_ttl_ttl_510
The Divine Stand-Up Comedy Special,Jason DeStefano,N/A,https://www.imdb.com/title/tt32162151/?ref_=fn_ttl_ttl_511
Untitled AMG Pictures Comedy Movie,N/A,N/A,https://www.imdb.com/title/tt5151960/?ref_=fn_ttl_ttl_512
The Divine Comedy: Dante's Hell,2016,"Sofia Debrot, Wanderson Feitosa",https://www.imdb.com/title/tt5918912/?ref_=fn_ttl_ttl_513
Komedia malzenska,1994,"Ewa Kasprzyk, Jan Englert",https://www.imdb.com/title/tt0110274/?ref_=fn_ttl_ttl_514
"Alone Rob Lederman 5,000 Comedy Show",2015,"Rob Lederman, Nick Siracuse",https://www.imdb.com/title/tt12440580/?ref_=fn_ttl_ttl_515
No Limit's I Got the Hook-Up! Comedy Jam,1998,"Anthony Johnson, Sheryl Underwood",https://www.imdb.com/title/tt28628975/?ref_=fn_ttl_ttl_516
Untitled Borden/Matos Supernatural Comedy,N/A,N/A,https://www.imdb.com/title/tt31511424/?ref_=fn_ttl_ttl_517
Untitled Christmas Caper Comedy,N/A,N/A,https://www.imdb.com/title/tt23037938/?ref_=fn_ttl_ttl_518
Yogi Babu Untitled Movie,"Yogi Babu, Yaashika Aanand",N/A,https://www.imdb.com/title/tt15029814/?ref_=fn_ttl_ttl_519
Humble Pi: A Comedy of Maths Errors,2023,Matt Parker,https://www.imdb.com/title/tt34869872/?ref_=fn_ttl_ttl_520
Comedie fantastica,1975,"Dem Radulescu, Cornel Coman",https://www.imdb.com/title/tt0072970/?ref_=fn_ttl_ttl_521
Untitled Secret Service Action-Comedy Project,N/A,N/A,https://www.imdb.com/title/tt2579372/?ref_=fn_ttl_ttl_522
Juice Sutton Presents: U Yo Daddys Son Comedy Special,2024,Joseph Sutton,https://www.imdb.com/title/tt33070861/?ref_=fn_ttl_ttl_523
Hybrid Moments: A Romantic Black Comedy,2014,"Asiah Holm, Ali Hunt",https://www.imdb.com/title/tt10618840/?ref_=fn_ttl_ttl_524
The Night Comes for Us,2018,"Iko Uwais, Joe Taslim",https://www.imdb.com/title/tt6116856/?ref_=fn_ttl_ttl_525
